<SyntaxModes version="1.0">
	<Mode file       = "ASPX.xshd"
	      name       = "ASP3/XHTML"
	      extensions = ".asp"/>
	
	<Mode file       = "BAT-Mode.xshd"
	      name       = "BAT"
	      extensions = ".bat"/>
	
	<Mode file       = "Coco-Mode.xshd"
	      name       = "Coco"
	      extensions = ".atg"/>
	
	<Mode file       = "CPP-Mode.xshd"
	      name       = "C++.NET"
	      extensions = ".c;.h;.cc;.C;.cpp;.hpp"/>
	
	<Mode file       = "CSharp-Mode.xshd"
	      name       = "C#"
	      extensions = ".cs"/>
	
	<Mode file       = "HTML-Mode.xshd"
	      name       = "HTML"
	      extensions = ".htm;.html"/>
	
	<Mode file       = "Java-Mode.xshd"
	      name       = "Java"
	      extensions = ".java"/>
	
	<Mode file       = "JavaScript-Mode.xshd"
	      name       = "JavaScript"
	      extensions = ".js"/>
	
	<Mode file       = "PHP-Mode.xshd"
	      name       = "PHP"
	      extensions = ".php"/>
	
	<Mode file       = "Tex-Mode.xshd"
	      name       = "TeX"
	      extensions = ".tex"/>
	
	<Mode file       = "TSQL-Mode.xshd"
	      name       = "TSQL"
	      extensions = ".sql"/>
	
	<Mode file       = "VBNET-Mode.xshd"
	      name       = "VBNET"
	      extensions = ".vb"/>
	
	<Mode file       = "XML-Mode.xshd"
	      name       = "XML"
	      extensions = ".xml;.xsl;.xslt;.xsd;.manifest;.config;.addin;.xshd;.wxs;.build;.wsdl"/>
      
	<Mode file       = "ILAsm-Mode.xshd"
	      name       = "ILAsm"
	      extensions = ".il"/>
</SyntaxModes>
