<ArrayOfTheme xmlns:xsd="http://www.w3.org/2001/XMLSchema" xmlns:xsi="http://www.w3.org/2001/XMLSchema-instance">
  <Theme Name="Neutral">
    <HighlightVisitedCodeStyle>Block</HighlightVisitedCodeStyle>
    <HighlightUnvisitedCodeStyle>Block</HighlightUnvisitedCodeStyle>
    <HighlightExcludedCodeStyle>Block</HighlightExcludedCodeStyle>
    <HighlightVisitedCodeColor>ARGBColor:255:224:237:253</HighlightVisitedCodeColor>
    <HighlightUnvisitedCodeColor>ARGBColor:255:230:176:165</HighlightUnvisitedCodeColor>
    <HighlightExcludedCodeColor>NamedColor:LightGray</HighlightExcludedCodeColor>
    <TreeNodeUnvisitedColor>NamedColor:Gray</TreeNodeUnvisitedColor>
    <TreeNodePartiallyVisitedColor>NamedColor:Red</TreeNodePartiallyVisitedColor>
    <TreeNodeSatisfactoryCoverageColor>NamedColor:Blue</TreeNodeSatisfactoryCoverageColor>
    <TreeNodeFullCoverageColor>NamedColor:Black</TreeNodeFullCoverageColor>
    <TreeNodeExcludedCoverageColor>NamedColor:Gray</TreeNodeExcludedCoverageColor>
    <CoverageTreeBackgroundColor>NamedColor:Window</CoverageTreeBackgroundColor>
    <CoverageTreeFont>
      <FontFamily>Tahoma</FontFamily>
      <GraphicsUnit>Point</GraphicsUnit>
      <Size>8.25</Size>
      <Style>Regular</Style>
    </CoverageTreeFont>
    <StatisticsPaneBackgroundColor>NamedColor:Window</StatisticsPaneBackgroundColor>
    <StatisticsPaneFont>
      <FontFamily>Tahoma</FontFamily>
      <GraphicsUnit>Point</GraphicsUnit>
      <Size>8.25</Size>
      <Style>Regular</Style>
    </StatisticsPaneFont>
    <SourceCodeFont>
      <FontFamily>Courier New</FontFamily>
      <GraphicsUnit>Point</GraphicsUnit>
      <Size>10</Size>
      <Style>Regular</Style>
    </SourceCodeFont>
    <SourceCodeBackgroundColor>NamedColor:Window</SourceCodeBackgroundColor>
    <SourceCodeLineNumbersColor>NamedColor:ControlDark</SourceCodeLineNumbersColor>
  </Theme>
  <Theme Name="Primary">
    <HighlightVisitedCodeStyle>Block</HighlightVisitedCodeStyle>
    <HighlightUnvisitedCodeStyle>Block</HighlightUnvisitedCodeStyle>
    <HighlightExcludedCodeStyle>Block</HighlightExcludedCodeStyle>
    <HighlightVisitedCodeColor>NamedColor:Lime</HighlightVisitedCodeColor>
    <HighlightUnvisitedCodeColor>NamedColor:Red</HighlightUnvisitedCodeColor>
    <HighlightExcludedCodeColor>NamedColor:LightGray</HighlightExcludedCodeColor>
    <TreeNodeUnvisitedColor>NamedColor:Gray</TreeNodeUnvisitedColor>
    <TreeNodePartiallyVisitedColor>NamedColor:Red</TreeNodePartiallyVisitedColor>
    <TreeNodeSatisfactoryCoverageColor>NamedColor:Blue</TreeNodeSatisfactoryCoverageColor>
    <TreeNodeFullCoverageColor>NamedColor:Black</TreeNodeFullCoverageColor>
    <TreeNodeExcludedCoverageColor>NamedColor:Gray</TreeNodeExcludedCoverageColor>
    <CoverageTreeBackgroundColor>NamedColor:Window</CoverageTreeBackgroundColor>
    <CoverageTreeFont>
      <FontFamily>Tahoma</FontFamily>
      <GraphicsUnit>Point</GraphicsUnit>
      <Size>8.25</Size>
      <Style>Regular</Style>
    </CoverageTreeFont>
    <StatisticsPaneBackgroundColor>NamedColor:Window</StatisticsPaneBackgroundColor>
    <StatisticsPaneFont>
      <FontFamily>Tahoma</FontFamily>
      <GraphicsUnit>Point</GraphicsUnit>
      <Size>8.25</Size>
      <Style>Regular</Style>
    </StatisticsPaneFont>
    <SourceCodeFont>
      <FontFamily>Courier New</FontFamily>
      <GraphicsUnit>Point</GraphicsUnit>
      <Size>10</Size>
      <Style>Regular</Style>
    </SourceCodeFont>
    <SourceCodeBackgroundColor>NamedColor:Window</SourceCodeBackgroundColor>
    <SourceCodeLineNumbersColor>NamedColor:ControlDark</SourceCodeLineNumbersColor>
  </Theme>
  <Theme Name="Underline">
    <HighlightVisitedCodeStyle>None</HighlightVisitedCodeStyle>
    <HighlightUnvisitedCodeStyle>Underlined</HighlightUnvisitedCodeStyle>
    <HighlightExcludedCodeStyle>Block</HighlightExcludedCodeStyle>
    <HighlightVisitedCodeColor>ARGBColor:255:224:237:253</HighlightVisitedCodeColor>
    <HighlightUnvisitedCodeColor>NamedColor:Red</HighlightUnvisitedCodeColor>
    <HighlightExcludedCodeColor>NamedColor:LightGray</HighlightExcludedCodeColor>
    <TreeNodeUnvisitedColor>NamedColor:Gray</TreeNodeUnvisitedColor>
    <TreeNodePartiallyVisitedColor>NamedColor:Red</TreeNodePartiallyVisitedColor>
    <TreeNodeSatisfactoryCoverageColor>NamedColor:Blue</TreeNodeSatisfactoryCoverageColor>
    <TreeNodeFullCoverageColor>NamedColor:Black</TreeNodeFullCoverageColor>
    <TreeNodeExcludedCoverageColor>NamedColor:Gray</TreeNodeExcludedCoverageColor>
    <CoverageTreeBackgroundColor>NamedColor:Window</CoverageTreeBackgroundColor>
    <CoverageTreeFont>
      <FontFamily>Tahoma</FontFamily>
      <GraphicsUnit>Point</GraphicsUnit>
      <Size>8.25</Size>
      <Style>Regular</Style>
    </CoverageTreeFont>
    <StatisticsPaneBackgroundColor>NamedColor:Window</StatisticsPaneBackgroundColor>
    <StatisticsPaneFont>
      <FontFamily>Tahoma</FontFamily>
      <GraphicsUnit>Point</GraphicsUnit>
      <Size>8.25</Size>
      <Style>Regular</Style>
    </StatisticsPaneFont>
    <SourceCodeFont>
      <FontFamily>Courier New</FontFamily>
      <GraphicsUnit>Point</GraphicsUnit>
      <Size>10</Size>
      <Style>Regular</Style>
    </SourceCodeFont>
    <SourceCodeBackgroundColor>NamedColor:Window</SourceCodeBackgroundColor>
    <SourceCodeLineNumbersColor>NamedColor:ControlDark</SourceCodeLineNumbersColor>
  </Theme>
</ArrayOfTheme>